{"count":1,"gauges":{},"self":23.703070399999998,"total":54.656608,"children":{"AgentResetIfDone":{"count":42601,"self":0.1858251,"total":0.1858251,"children":null},"AgentSendState":{"count":42601,"self":0.8046244,"total":1.0239388,"children":{"CollectObservations":{"count":106525,"self":0.2193144,"total":0.2193144,"children":null}}},"DecideAction":{"count":42601,"self":24.841347199999998,"total":25.302625199999998,"children":{"AgentInfo.ToProto":{"count":4261,"self":0.4612786,"total":0.4612786,"children":null}}},"AcademyStep":{"count":42601,"self":0.0576097,"total":0.0576097,"children":null},"AgentAct":{"count":42601,"self":4.3825376,"total":4.3825378,"children":null}}}