{"count":1,"gauges":{},"self":927.1816192,"total":4063.2281249999996,"children":{"AgentResetIfDone":{"count":500084,"self":1.6383245,"total":1.6383245,"children":null},"AgentSendState":{"count":500084,"self":9.0265016,"total":11.6056163,"children":{"CollectObservations":{"count":1250225,"self":2.579115,"total":2.579115,"children":null}}},"DecideAction":{"count":500084,"self":657.862656,"total":663.8556261,"children":{"AgentInfo.ToProto":{"count":50009,"self":5.9929467999999995,"total":5.9929467999999995,"children":null}}},"AcademyStep":{"count":500084,"self":0.7553866,"total":0.7553866,"children":null},"AgentAct":{"count":500084,"self":2458.1906432,"total":2458.1905865,"children":null}}}