{"count":1,"gauges":{},"self":265.9315456,"total":1092.5219479999998,"children":{"AgentResetIfDone":{"count":621251,"self":2.0813235999999997,"total":2.0813235,"children":null},"AgentSendState":{"count":621251,"self":12.4056336,"total":15.553382699999998,"children":{"CollectObservations":{"count":1553150,"self":3.1477492,"total":3.1477492,"children":null}}},"DecideAction":{"count":621251,"self":789.9593216,"total":796.5425331,"children":{"AgentInfo.ToProto":{"count":62126,"self":6.5832064,"total":6.5832063,"children":null}}},"AcademyStep":{"count":621251,"self":0.8890035,"total":0.8890035,"children":null},"AgentAct":{"count":621251,"self":11.524148,"total":11.524147899999999,"children":null}}}