{"count":1,"gauges":{},"self":45.1376,"total":80.8202367,"children":{"AgentResetIfDone":{"count":106851,"self":0.2993268,"total":0.2993268,"children":null},"AgentSendState":{"count":106851,"self":0.3613384,"total":0.3923674,"children":{"CollectObservations":{"count":10686,"self":0.031028999999999998,"total":0.031028999999999998,"children":null}}},"DecideAction":{"count":106851,"self":34.2851232,"total":34.4797179,"children":{"AgentInfo.ToProto":{"count":10686,"self":0.1945962,"total":0.1945962,"children":null}}},"AcademyStep":{"count":106851,"self":0.16615249999999998,"total":0.16615249999999998,"children":null},"AgentAct":{"count":106851,"self":0.345072,"total":0.345072,"children":null}}}